project_id,utility,state,name,lat,lon,start_date,end_date,estimated_cost,requires_outage,outage_start,outage_end,road_affected,road_closure_start,road_closure_end,description
DEF-001,Duke Energy Florida,FL,DeLand West-Dona Vista 230kV Transmission Line,29.0033,-81.3373,2028-06-01,2030-01-31,72000000,True,2029-10-01,2029-12-15,SR-44,2028-09-01,2028-12-31,"Real project (FPSC Docket 20250078-EI). 26.26-mile 230kV line from DeLand West Substation (Volusia) to Dona Vista Substation (Lake County), in-service Jan 2030. Includes 69kV rebuild along same route."
DEF-002,Duke Energy Florida,FL,Eustis Substation Reinforcement,28.8528,-81.6856,2028-04-01,2028-10-31,8500000,True,2028-08-01,2028-08-21,SR-19,2028-05-01,2028-05-31,"Synthetic. Substation reinforcement along the DeLand West-Dona Vista corridor near Eustis, Lake County."
DEF-003,Duke Energy Florida,FL,Umatilla Distribution Upgrade,28.9339,-81.662,2027-05-01,2027-11-15,3200000,False,,,SR-19,2027-06-01,2027-06-30,"Synthetic. Distribution upgrade near Umatilla, Lake County, along the DWDV corridor path."
DEF-004,Duke Energy Florida,FL,DeLand Feeder Reinforcement,29.0283,-81.3031,2027-08-01,2028-02-28,4000000,True,2027-10-01,2027-10-14,Woodland Blvd,2027-09-01,2027-10-31,"Synthetic. Local distribution feeder reinforcement in DeLand, Volusia County, near DeLand West substation."
DEF-005,Duke Energy Florida,FL,DeBary Substation Upgrade,28.885,-81.3234,2026-11-01,2027-06-30,7900000,True,2027-03-01,2027-03-31,,,,"Synthetic. Substation upgrade in DeBary, Volusia County."
DEF-006,Duke Energy Florida,FL,Daytona Beach Transmission Tie,29.2108,-81.0228,2028-02-01,2028-09-30,19500000,True,2028-06-01,2028-06-30,International Speedway Blvd,2028-03-01,2028-04-30,"Synthetic. New transmission tie-in near Daytona Beach, Volusia County."
DEF-007,Duke Energy Florida,FL,Leesburg Substation Expansion,28.8111,-81.8637,2027-03-01,2027-10-31,11200000,True,2027-05-01,2027-05-31,US-441,2027-06-01,2027-06-30,"Synthetic. Substation expansion in Leesburg, Lake County."
DEF-008,Duke Energy Florida,FL,Deltona Distribution Reinforcement,28.9005,-81.2637,2026-09-01,2027-03-31,3700000,True,2027-02-01,2027-02-28,Howland Blvd,2027-01-10,2027-02-20,"Synthetic. Distribution reinforcement in Deltona, Volusia County."
DEF-009,Duke Energy Florida,FL,Mount Dora Feeder Upgrade,28.8003,-81.6445,2028-01-01,2028-06-30,2900000,False,,,US-441,2028-02-01,2028-02-29,"Synthetic. Feeder upgrade in Mount Dora, Lake County."
DEF-010,Duke Energy Florida,FL,Orange City Substation Rebuild,28.9481,-81.2953,2027-07-01,2028-03-31,10300000,True,2027-11-01,2027-11-30,,,,"Synthetic. Substation rebuild in Orange City, Volusia County."
DEF-011,Duke Energy Florida,FL,Tallahassee-Area Feeder Study,30.4383,-84.2807,2035-02-01,2035-07-31,5800000,False,,,,,,"Synthetic NO-CONFLICT EXAMPLE. Panhandle location and far future date, deliberately isolated from all FPL projects in both distance and time."
