project_id,utility,name,lat,lon,start_date,end_date,description
FPL-001,FPL,Andytown-Oasis 500/230kV Transmission Line,26.0879,-80.4321,2031-01-15,2033-06-30,"Real project (FPSC Docket 20260020-EI). 31.2-mile 500/230kV corridor from Andytown Substation (Broward) to Oasis Substation (Miami-Dade), phased 2031-2033."
FPL-002,FPL,Oasis Substation Expansion,25.9200,-80.5100,2031-01-15,2031-09-30,"Synthetic. Substation upgrade at the Oasis end of the Andytown-Oasis corridor, timed to coincide with line completion."
FPL-003,FPL,Griffin Road Feeder Upgrade,26.0850,-80.3600,2027-03-01,2027-08-15,"Synthetic. Distribution feeder upgrade along Griffin Rd, Broward County, near Andytown substation area."
FPL-004,FPL,Pembroke Pines Substation Rebuild,26.0079,-80.3567,2027-02-01,2027-11-30,"Synthetic. Substation rebuild in Pembroke Pines, Broward County."
FPL-005,FPL,Miramar Distribution Expansion,25.9860,-80.3450,2026-11-01,2027-05-01,"Synthetic. New distribution lines to serve Miramar growth area, Broward County."
FPL-006,FPL,Kendall 230kV Line Upgrade,25.6793,-80.3173,2028-01-01,2028-10-15,"Synthetic. Transmission upgrade in Kendall, Miami-Dade County."
FPL-007,FPL,Homestead Substation Addition,25.4687,-80.4776,2027-06-01,2028-02-28,"Synthetic. New substation to serve South Miami-Dade load growth."
FPL-008,FPL,Weston Underground Conversion,26.1004,-80.3997,2026-10-01,2027-04-30,"Synthetic. Undergrounding of distribution lines in Weston, Broward County."
FPL-009,FPL,Hialeah Transmission Tie-In,25.8576,-80.2781,2028-03-01,2028-12-15,"Synthetic. New tie-in line near Hialeah, Miami-Dade County."
FPL-010,FPL,Coral Springs Substation Upgrade,26.2712,-80.2706,2027-01-01,2027-07-31,"Synthetic. Substation capacity upgrade, Coral Springs, Broward County."
FPL-011,FPL,Sunrise Distribution Reinforcement,26.1547,-80.2967,2026-09-01,2027-02-28,"Synthetic. Distribution reinforcement project in Sunrise, Broward County."
FPL-012,FPL,Doral Feeder Extension,25.8195,-80.3553,2028-05-01,2028-11-30,"Synthetic. New feeder line extension serving Doral, Miami-Dade County."
FPL-013,FPL,Deltona-Area Transmission Tap,28.9050,-81.2700,2027-01-01,2027-09-30,"Synthetic PLANTED CONFLICT. Near-boundary tap project in the Deltona/Volusia area, close in location and time to DEF-008 (Deltona Distribution Reinforcement)."
FPL-014,FPL,Lake County Interconnect Study Works,28.8200,-81.8500,2027-04-01,2027-10-15,"Synthetic PLANTED CONFLICT. Interconnect work near Leesburg, Lake County, overlapping DEF-007 (Leesburg Substation Expansion) in both location and time."
